Changes made at Sat Aug  9 05:58:18 UTC 2025
Changes made at Sat Aug  9 06:00:13 UTC 2025
Changes made at Sat Aug  9 06:01:25 UTC 2025
Changes made at Sat Aug  9 06:10:34 UTC 2025
Changes made at Sat Aug  9 08:14:07 UTC 2025
Changes made at Sat Aug  9 08:15:15 UTC 2025
Changes made at Sat Aug  9 09:28:58 UTC 2025
Changes made at Sat Aug  9 09:31:06 UTC 2025
Changes made at Sat Aug  9 10:42:34 UTC 2025
Changes made at Sat Aug  9 14:39:59 UTC 2025
Changes made at Sat Aug  9 16:49:12 UTC 2025
Changes made at Sun Aug 10 08:48:10 UTC 2025
Changes made at Sun Aug 10 10:43:33 UTC 2025
Changes made at Sun Aug 10 14:39:27 UTC 2025
Changes made at Sun Aug 10 16:49:28 UTC 2025
Changes made at Mon Aug 11 08:57:10 UTC 2025
Changes made at Mon Aug 11 10:50:40 UTC 2025
Changes made at Mon Aug 11 14:50:22 UTC 2025
Changes made at Mon Aug 11 16:55:43 UTC 2025
Changes made at Tue Aug 12 08:54:00 UTC 2025
Changes made at Tue Aug 12 10:47:40 UTC 2025
Changes made at Tue Aug 12 14:47:08 UTC 2025
Changes made at Tue Aug 12 16:54:28 UTC 2025
Changes made at Wed Aug 13 08:55:45 UTC 2025
Changes made at Wed Aug 13 10:47:35 UTC 2025
Changes made at Wed Aug 13 14:47:38 UTC 2025
Changes made at Wed Aug 13 16:44:37 UTC 2025
Changes made at Thu Aug 14 08:55:31 UTC 2025
Changes made at Thu Aug 14 10:48:57 UTC 2025
Changes made at Thu Aug 14 14:45:25 UTC 2025
Changes made at Thu Aug 14 16:51:04 UTC 2025
Changes made at Fri Aug 15 08:51:34 UTC 2025
Changes made at Fri Aug 15 10:44:32 UTC 2025
Changes made at Fri Aug 15 14:42:30 UTC 2025
Changes made at Fri Aug 15 16:50:29 UTC 2025
Changes made at Sat Aug 16 08:46:45 UTC 2025
Changes made at Sat Aug 16 10:39:27 UTC 2025
Changes made at Sat Aug 16 14:36:18 UTC 2025
Changes made at Sat Aug 16 16:43:57 UTC 2025
Changes made at Sun Aug 17 08:46:50 UTC 2025
Changes made at Sun Aug 17 10:40:48 UTC 2025
Changes made at Sun Aug 17 14:38:30 UTC 2025
Changes made at Sun Aug 17 16:47:05 UTC 2025
Changes made at Mon Aug 18 08:55:45 UTC 2025
Changes made at Mon Aug 18 10:49:52 UTC 2025
Changes made at Mon Aug 18 14:48:58 UTC 2025
Changes made at Mon Aug 18 16:54:42 UTC 2025
Changes made at Tue Aug 19 08:50:45 UTC 2025
Changes made at Tue Aug 19 10:43:27 UTC 2025
Changes made at Tue Aug 19 14:42:55 UTC 2025
Changes made at Tue Aug 19 16:49:17 UTC 2025
Changes made at Wed Aug 20 08:45:53 UTC 2025
Changes made at Wed Aug 20 10:43:19 UTC 2025
Changes made at Wed Aug 20 14:42:50 UTC 2025
Changes made at Wed Aug 20 16:47:50 UTC 2025
Changes made at Thu Aug 21 08:49:00 UTC 2025
Changes made at Thu Aug 21 10:43:08 UTC 2025
Changes made at Thu Aug 21 14:42:59 UTC 2025
Changes made at Fri Aug 22 08:47:34 UTC 2025
Changes made at Fri Aug 22 10:41:57 UTC 2025
Changes made at Fri Aug 22 14:39:20 UTC 2025
Changes made at Fri Aug 22 16:46:54 UTC 2025
Changes made at Sat Aug 23 08:42:57 UTC 2025
Changes made at Sat Aug 23 10:37:33 UTC 2025
Changes made at Sat Aug 23 14:34:59 UTC 2025
Changes made at Sat Aug 23 16:41:26 UTC 2025
Changes made at Sun Aug 24 08:40:04 UTC 2025
Changes made at Sun Aug 24 10:38:10 UTC 2025
Changes made at Sun Aug 24 14:35:17 UTC 2025
Changes made at Sun Aug 24 16:43:17 UTC 2025
Changes made at Mon Aug 25 08:54:09 UTC 2025
Changes made at Mon Aug 25 10:43:43 UTC 2025
Changes made at Mon Aug 25 14:42:41 UTC 2025
Changes made at Mon Aug 25 16:49:33 UTC 2025
Changes made at Tue Aug 26 08:51:50 UTC 2025
Changes made at Tue Aug 26 10:43:42 UTC 2025
Changes made at Tue Aug 26 14:39:54 UTC 2025
Changes made at Tue Aug 26 16:45:40 UTC 2025
Changes made at Wed Aug 27 08:46:49 UTC 2025
Changes made at Wed Aug 27 10:39:05 UTC 2025
Changes made at Wed Aug 27 14:39:26 UTC 2025
Changes made at Wed Aug 27 16:46:36 UTC 2025
Changes made at Thu Aug 28 08:47:01 UTC 2025
Changes made at Thu Aug 28 10:40:29 UTC 2025
Changes made at Thu Aug 28 14:41:01 UTC 2025
Changes made at Thu Aug 28 16:45:54 UTC 2025
Changes made at Fri Aug 29 08:45:01 UTC 2025
Changes made at Fri Aug 29 10:39:15 UTC 2025
Changes made at Fri Aug 29 14:38:02 UTC 2025
Changes made at Fri Aug 29 16:44:52 UTC 2025
Changes made at Sat Aug 30 08:38:33 UTC 2025
Changes made at Sat Aug 30 10:33:54 UTC 2025
Changes made at Sat Aug 30 14:30:37 UTC 2025
Changes made at Sat Aug 30 16:39:19 UTC 2025
Changes made at Sun Aug 31 08:37:34 UTC 2025
Changes made at Sun Aug 31 10:33:49 UTC 2025
Changes made at Sun Aug 31 14:31:39 UTC 2025
Changes made at Sun Aug 31 16:40:03 UTC 2025
Changes made at Mon Sep  1 08:50:46 UTC 2025
Changes made at Mon Sep  1 10:43:18 UTC 2025
Changes made at Mon Sep  1 14:38:13 UTC 2025
Changes made at Mon Sep  1 16:42:33 UTC 2025
Changes made at Tue Sep  2 08:48:43 UTC 2025
Changes made at Tue Sep  2 10:40:46 UTC 2025
Changes made at Tue Sep  2 14:42:20 UTC 2025
Changes made at Tue Sep  2 16:47:09 UTC 2025
Changes made at Wed Sep  3 08:43:00 UTC 2025
Changes made at Wed Sep  3 10:37:31 UTC 2025
Changes made at Wed Sep  3 14:38:31 UTC 2025
Changes made at Wed Sep  3 16:43:40 UTC 2025
Changes made at Thu Sep  4 08:44:13 UTC 2025
Changes made at Thu Sep  4 10:37:38 UTC 2025
Changes made at Thu Sep  4 14:38:16 UTC 2025
Changes made at Thu Sep  4 16:44:38 UTC 2025
Changes made at Fri Sep  5 08:43:03 UTC 2025
Changes made at Fri Sep  5 10:38:38 UTC 2025
Changes made at Fri Sep  5 14:35:44 UTC 2025
Changes made at Fri Sep  5 16:39:27 UTC 2025
Changes made at Sat Sep  6 08:35:20 UTC 2025
Changes made at Sat Sep  6 10:31:41 UTC 2025
Changes made at Sat Sep  6 14:28:47 UTC 2025
Changes made at Sat Sep  6 16:36:41 UTC 2025
Changes made at Sun Sep  7 08:34:54 UTC 2025
Changes made at Sun Sep  7 10:32:17 UTC 2025
Changes made at Sun Sep  7 14:29:21 UTC 2025
Changes made at Sun Sep  7 16:36:48 UTC 2025
Changes made at Mon Sep  8 08:49:32 UTC 2025
Changes made at Mon Sep  8 10:40:39 UTC 2025
Changes made at Mon Sep  8 14:41:34 UTC 2025
Changes made at Mon Sep  8 16:20:37 UTC 2025
Changes made at Tue Sep  9 08:24:12 UTC 2025
Changes made at Tue Sep  9 10:19:17 UTC 2025
Changes made at Tue Sep  9 14:15:23 UTC 2025
Changes made at Tue Sep  9 16:21:33 UTC 2025
Changes made at Wed Sep 10 08:23:05 UTC 2025
Changes made at Wed Sep 10 10:17:36 UTC 2025
Changes made at Wed Sep 10 14:16:05 UTC 2025
Changes made at Wed Sep 10 16:21:28 UTC 2025
Changes made at Thu Sep 11 08:22:45 UTC 2025
Changes made at Thu Sep 11 10:17:38 UTC 2025
Changes made at Thu Sep 11 14:17:01 UTC 2025
Changes made at Thu Sep 11 16:21:06 UTC 2025
Changes made at Fri Sep 12 08:21:37 UTC 2025
Changes made at Fri Sep 12 10:18:38 UTC 2025
Changes made at Fri Sep 12 14:16:07 UTC 2025
Changes made at Fri Sep 12 16:18:10 UTC 2025
Changes made at Sat Sep 13 08:19:36 UTC 2025
Changes made at Sat Sep 13 10:15:34 UTC 2025
Changes made at Sat Sep 13 14:12:55 UTC 2025
Changes made at Sat Sep 13 16:18:08 UTC 2025
Changes made at Sun Sep 14 08:20:00 UTC 2025
Changes made at Sun Sep 14 10:15:01 UTC 2025
Changes made at Sun Sep 14 14:13:25 UTC 2025
Changes made at Sun Sep 14 16:18:01 UTC 2025
Changes made at Mon Sep 15 08:23:43 UTC 2025
Changes made at Mon Sep 15 10:18:32 UTC 2025
Changes made at Mon Sep 15 14:18:11 UTC 2025
Changes made at Mon Sep 15 16:21:53 UTC 2025
Changes made at Tue Sep 16 08:23:55 UTC 2025
Changes made at Tue Sep 16 10:18:13 UTC 2025
Changes made at Tue Sep 16 14:17:53 UTC 2025
Changes made at Tue Sep 16 16:21:48 UTC 2025
Changes made at Wed Sep 17 08:22:35 UTC 2025
Changes made at Wed Sep 17 10:18:09 UTC 2025
Changes made at Wed Sep 17 14:17:10 UTC 2025
Changes made at Wed Sep 17 16:22:14 UTC 2025
Changes made at Thu Sep 18 08:22:27 UTC 2025
Changes made at Thu Sep 18 10:18:09 UTC 2025
Changes made at Thu Sep 18 14:17:45 UTC 2025
Changes made at Thu Sep 18 16:21:04 UTC 2025
Changes made at Fri Sep 19 08:22:37 UTC 2025
Changes made at Fri Sep 19 10:18:57 UTC 2025
Changes made at Fri Sep 19 14:17:03 UTC 2025
Changes made at Fri Sep 19 16:20:22 UTC 2025
Changes made at Sat Sep 20 08:20:37 UTC 2025
Changes made at Sat Sep 20 10:16:04 UTC 2025
Changes made at Sat Sep 20 14:14:20 UTC 2025
Changes made at Sat Sep 20 16:18:38 UTC 2025
Changes made at Sun Sep 21 08:19:34 UTC 2025
Changes made at Sun Sep 21 10:15:52 UTC 2025
Changes made at Sun Sep 21 14:14:17 UTC 2025
Changes made at Sun Sep 21 16:18:49 UTC 2025
Changes made at Mon Sep 22 08:24:39 UTC 2025
Changes made at Mon Sep 22 10:19:48 UTC 2025
Changes made at Mon Sep 22 14:18:21 UTC 2025
Changes made at Mon Sep 22 16:22:30 UTC 2025
Changes made at Tue Sep 23 08:22:45 UTC 2025
Changes made at Tue Sep 23 10:18:18 UTC 2025
Changes made at Tue Sep 23 14:17:34 UTC 2025
Changes made at Tue Sep 23 16:21:45 UTC 2025
Changes made at Wed Sep 24 08:23:56 UTC 2025
Changes made at Wed Sep 24 10:18:19 UTC 2025
Changes made at Wed Sep 24 14:15:27 UTC 2025
Changes made at Wed Sep 24 16:22:38 UTC 2025
Changes made at Thu Sep 25 08:23:26 UTC 2025
Changes made at Thu Sep 25 10:18:44 UTC 2025
Changes made at Thu Sep 25 14:18:02 UTC 2025
Changes made at Thu Sep 25 16:21:45 UTC 2025
Changes made at Fri Sep 26 08:24:11 UTC 2025
Changes made at Fri Sep 26 10:18:02 UTC 2025
Changes made at Fri Sep 26 14:15:55 UTC 2025
Changes made at Fri Sep 26 16:21:36 UTC 2025
Changes made at Sat Sep 27 08:19:56 UTC 2025
Changes made at Sat Sep 27 10:15:45 UTC 2025
Changes made at Sat Sep 27 14:14:09 UTC 2025
Changes made at Sat Sep 27 16:19:07 UTC 2025
Changes made at Sun Sep 28 08:20:05 UTC 2025
Changes made at Sun Sep 28 10:15:45 UTC 2025
Changes made at Sun Sep 28 14:13:29 UTC 2025
Changes made at Sun Sep 28 16:18:22 UTC 2025
Changes made at Mon Sep 29 08:25:48 UTC 2025
Changes made at Mon Sep 29 10:19:51 UTC 2025
Changes made at Mon Sep 29 14:17:53 UTC 2025
Changes made at Mon Sep 29 16:17:50 UTC 2025
Changes made at Tue Sep 30 08:24:39 UTC 2025
Changes made at Tue Sep 30 10:18:15 UTC 2025
Changes made at Tue Sep 30 14:18:13 UTC 2025
Changes made at Tue Sep 30 16:22:16 UTC 2025
Changes made at Wed Oct  1 08:23:38 UTC 2025
Changes made at Wed Oct  1 10:18:27 UTC 2025
Changes made at Wed Oct  1 14:17:48 UTC 2025
Changes made at Wed Oct  1 16:22:03 UTC 2025
Changes made at Thu Oct  2 08:22:34 UTC 2025
Changes made at Thu Oct  2 10:17:09 UTC 2025
Changes made at Thu Oct  2 14:17:07 UTC 2025
Changes made at Thu Oct  2 16:21:03 UTC 2025
Changes made at Fri Oct  3 08:21:52 UTC 2025
Changes made at Fri Oct  3 10:17:46 UTC 2025
Changes made at Fri Oct  3 14:16:19 UTC 2025
Changes made at Fri Oct  3 16:20:31 UTC 2025
Changes made at Sat Oct  4 08:20:08 UTC 2025
Changes made at Sat Oct  4 10:15:37 UTC 2025
Changes made at Sat Oct  4 14:13:53 UTC 2025
Changes made at Sat Oct  4 16:18:44 UTC 2025
Changes made at Sun Oct  5 08:19:39 UTC 2025
Changes made at Sun Oct  5 10:15:57 UTC 2025
Changes made at Sun Oct  5 14:13:51 UTC 2025
Changes made at Sun Oct  5 16:18:35 UTC 2025
Changes made at Mon Oct  6 08:23:36 UTC 2025
Changes made at Mon Oct  6 10:19:40 UTC 2025
Changes made at Mon Oct  6 14:17:24 UTC 2025
Changes made at Mon Oct  6 16:21:25 UTC 2025
Changes made at Tue Oct  7 08:24:00 UTC 2025
Changes made at Tue Oct  7 10:18:22 UTC 2025
Changes made at Tue Oct  7 14:18:14 UTC 2025
Changes made at Tue Oct  7 16:21:38 UTC 2025
Changes made at Wed Oct  8 08:24:07 UTC 2025
Changes made at Wed Oct  8 10:18:15 UTC 2025
Changes made at Wed Oct  8 14:17:51 UTC 2025
Changes made at Wed Oct  8 16:21:49 UTC 2025
Changes made at Thu Oct  9 08:23:59 UTC 2025
Changes made at Thu Oct  9 10:19:00 UTC 2025
Changes made at Thu Oct  9 14:17:31 UTC 2025
Changes made at Thu Oct  9 16:23:09 UTC 2025
Changes made at Fri Oct 10 08:23:03 UTC 2025
Changes made at Fri Oct 10 10:19:09 UTC 2025
Changes made at Fri Oct 10 14:17:10 UTC 2025
Changes made at Fri Oct 10 16:21:22 UTC 2025
Changes made at Sat Oct 11 08:20:00 UTC 2025
Changes made at Sat Oct 11 10:16:18 UTC 2025
Changes made at Sat Oct 11 14:13:22 UTC 2025
Changes made at Sat Oct 11 16:18:26 UTC 2025
Changes made at Sun Oct 12 08:20:13 UTC 2025
Changes made at Sun Oct 12 10:16:26 UTC 2025
Changes made at Sun Oct 12 14:14:04 UTC 2025
Changes made at Sun Oct 12 16:18:50 UTC 2025
Changes made at Mon Oct 13 08:25:56 UTC 2025
Changes made at Mon Oct 13 10:20:48 UTC 2025
Changes made at Mon Oct 13 14:18:29 UTC 2025
Changes made at Mon Oct 13 16:21:44 UTC 2025
Changes made at Tue Oct 14 08:21:57 UTC 2025
Changes made at Tue Oct 14 10:18:54 UTC 2025
Changes made at Tue Oct 14 14:18:20 UTC 2025
Changes made at Tue Oct 14 16:22:22 UTC 2025
Changes made at Wed Oct 15 08:25:05 UTC 2025
Changes made at Wed Oct 15 10:19:41 UTC 2025
Changes made at Wed Oct 15 14:18:49 UTC 2025
Changes made at Wed Oct 15 16:19:35 UTC 2025
Changes made at Thu Oct 16 08:25:24 UTC 2025
Changes made at Thu Oct 16 10:20:09 UTC 2025
Changes made at Thu Oct 16 14:18:21 UTC 2025
Changes made at Thu Oct 16 16:23:08 UTC 2025
Changes made at Fri Oct 17 08:24:27 UTC 2025
Changes made at Fri Oct 17 10:19:10 UTC 2025
Changes made at Fri Oct 17 14:17:38 UTC 2025
Changes made at Fri Oct 17 16:21:24 UTC 2025
Changes made at Sat Oct 18 08:20:54 UTC 2025
Changes made at Sat Oct 18 10:16:30 UTC 2025
Changes made at Sat Oct 18 14:14:12 UTC 2025
Changes made at Sat Oct 18 16:19:15 UTC 2025
Changes made at Sun Oct 19 08:20:15 UTC 2025
Changes made at Sun Oct 19 10:16:25 UTC 2025
Changes made at Sun Oct 19 14:14:26 UTC 2025
Changes made at Sun Oct 19 16:19:28 UTC 2025
Changes made at Mon Oct 20 08:24:42 UTC 2025
Changes made at Mon Oct 20 10:19:53 UTC 2025
Changes made at Mon Oct 20 14:17:18 UTC 2025
Changes made at Mon Oct 20 16:22:13 UTC 2025
Changes made at Tue Oct 21 08:25:52 UTC 2025
Changes made at Tue Oct 21 10:19:06 UTC 2025
Changes made at Tue Oct 21 14:19:36 UTC 2025
Changes made at Tue Oct 21 16:23:47 UTC 2025
Changes made at Wed Oct 22 08:26:58 UTC 2025
Changes made at Wed Oct 22 10:19:59 UTC 2025
Changes made at Wed Oct 22 14:19:35 UTC 2025
Changes made at Wed Oct 22 16:24:07 UTC 2025
Changes made at Thu Oct 23 08:25:07 UTC 2025
Changes made at Thu Oct 23 10:19:29 UTC 2025
Changes made at Thu Oct 23 14:18:37 UTC 2025
Changes made at Thu Oct 23 16:22:41 UTC 2025
Changes made at Fri Oct 24 08:24:18 UTC 2025
Changes made at Fri Oct 24 10:20:32 UTC 2025
Changes made at Fri Oct 24 14:18:48 UTC 2025
Changes made at Fri Oct 24 16:22:10 UTC 2025
Changes made at Sat Oct 25 08:20:24 UTC 2025
Changes made at Sat Oct 25 10:16:39 UTC 2025
Changes made at Sat Oct 25 14:14:42 UTC 2025
Changes made at Sat Oct 25 16:19:49 UTC 2025
Changes made at Sun Oct 26 08:21:09 UTC 2025
Changes made at Sun Oct 26 10:16:50 UTC 2025
Changes made at Sun Oct 26 14:14:53 UTC 2025
Changes made at Sun Oct 26 16:20:14 UTC 2025
Changes made at Mon Oct 27 08:25:29 UTC 2025
Changes made at Mon Oct 27 10:21:20 UTC 2025
Changes made at Mon Oct 27 14:18:54 UTC 2025
Changes made at Mon Oct 27 16:23:55 UTC 2025
Changes made at Tue Oct 28 08:24:56 UTC 2025
Changes made at Tue Oct 28 10:20:24 UTC 2025
Changes made at Tue Oct 28 14:18:51 UTC 2025
Changes made at Tue Oct 28 16:24:34 UTC 2025
Changes made at Wed Oct 29 08:25:21 UTC 2025
Changes made at Wed Oct 29 10:20:20 UTC 2025
Changes made at Wed Oct 29 14:18:44 UTC 2025
Changes made at Wed Oct 29 16:24:44 UTC 2025
Changes made at Thu Oct 30 08:24:12 UTC 2025
Changes made at Thu Oct 30 10:19:43 UTC 2025
Changes made at Thu Oct 30 14:18:52 UTC 2025
Changes made at Thu Oct 30 16:23:10 UTC 2025
Changes made at Fri Oct 31 08:23:35 UTC 2025
Changes made at Fri Oct 31 10:19:16 UTC 2025
Changes made at Fri Oct 31 14:18:16 UTC 2025
Changes made at Fri Oct 31 16:22:49 UTC 2025
Changes made at Sat Nov  1 08:20:59 UTC 2025
Changes made at Sat Nov  1 10:17:05 UTC 2025
Changes made at Sat Nov  1 14:14:28 UTC 2025
Changes made at Sat Nov  1 16:19:09 UTC 2025
Changes made at Sun Nov  2 08:20:25 UTC 2025
Changes made at Sun Nov  2 10:16:44 UTC 2025
Changes made at Sun Nov  2 14:14:50 UTC 2025
Changes made at Sun Nov  2 16:19:37 UTC 2025
Changes made at Mon Nov  3 08:26:18 UTC 2025
Changes made at Mon Nov  3 10:21:34 UTC 2025
Changes made at Mon Nov  3 14:18:34 UTC 2025
Changes made at Mon Nov  3 16:20:57 UTC 2025
Changes made at Tue Nov  4 08:26:09 UTC 2025
Changes made at Tue Nov  4 10:21:14 UTC 2025
Changes made at Tue Nov  4 14:18:50 UTC 2025
Changes made at Tue Nov  4 16:22:29 UTC 2025
Changes made at Wed Nov  5 08:25:09 UTC 2025
Changes made at Wed Nov  5 10:20:39 UTC 2025
Changes made at Wed Nov  5 14:18:46 UTC 2025
Changes made at Wed Nov  5 16:24:25 UTC 2025
Changes made at Thu Nov  6 08:25:48 UTC 2025
Changes made at Thu Nov  6 10:20:55 UTC 2025
Changes made at Thu Nov  6 14:18:51 UTC 2025
Changes made at Thu Nov  6 16:24:35 UTC 2025
Changes made at Fri Nov  7 08:25:25 UTC 2025
Changes made at Fri Nov  7 10:19:56 UTC 2025
Changes made at Fri Nov  7 14:18:20 UTC 2025
Changes made at Fri Nov  7 16:19:44 UTC 2025
Changes made at Sat Nov  8 08:21:18 UTC 2025
Changes made at Sat Nov  8 10:16:57 UTC 2025
